Employee_ID,Task_Completion_Efficiency,Attendance_Regularity,Feedback_Rating,Length_of_Service_Years,Department,Team,Performance_Cluster,Avg_Performance_Score,High_Performer
E1000,79.97,97.0,3.39,9,HR,Beta,2,81.58999999999999,0
E1001,73.62,94.62,3.71,7,Support,Epsilon,1,80.81333333333333,0
E1002,81.48,90.3,3.32,15,Finance,Beta,0,79.39333333333333,0
E1003,90.23,86.77,3.62,2,R&D,Epsilon,1,83.13333333333334,0
E1004,72.66,93.49,2.66,20,Support,Beta,0,73.11666666666666,0
E1005,72.66,91.97,3.93,12,HR,Zeta,2,81.07666666666667,0
E1006,90.79,94.48,3.8,1,Sales,Gamma,1,87.08999999999999,1
E1007,82.67,93.18,3.31,8,Sales,Beta,2,80.68333333333334,0
E1008,70.31,95.25,4.2,5,R&D,Zeta,1,83.18666666666667,0
E1009,80.43,87.32,4.36,15,Support,Delta,3,84.98333333333333,1
E1010,70.37,96.59,2.84,1,HR,Epsilon,1,74.58666666666666,0
E1011,70.34,90.99,3.34,1,Tech,Alpha,1,76.04333333333334,0
E1012,77.42,100.0,3.34,10,Finance,Alpha,2,81.40666666666668,0
E1013,55.87,86.55,3.24,10,Finance,Epsilon,3,69.07333333333334,0
E1014,57.75,98.68,4.3,15,HR,Gamma,2,80.81,0
E1015,69.38,90.99,3.68,17,Tech,Beta,0,77.99000000000001,0
E1016,64.87,86.74,3.64,6,Sales,Gamma,1,74.80333333333334,0
E1017,78.14,87.58,2.6,3,R&D,Alpha,1,72.57333333333334,0
E1018,65.92,88.4,4.18,13,Marketing,Zeta,3,79.30666666666666,0
E1019,60.88,92.12,3.06,16,Marketing,Epsilon,0,71.39999999999999,0
E1020,89.66,92.61,3.84,8,R&D,Epsilon,1,86.35666666666667,1
E1021,72.74,87.13,3.97,15,HR,Gamma,3,79.75666666666667,0
E1022,75.68,89.88,4.62,17,Tech,Zeta,0,85.98666666666668,1
E1023,60.75,100.0,3.01,17,Tech,Gamma,2,73.64999999999999,0
E1024,69.56,98.64,1.99,13,Finance,Beta,2,69.33333333333333,0
E1025,76.11,92.18,3.91,17,Sales,Delta,0,82.16333333333334,0
E1026,63.49,90.19,4.88,6,Support,Zeta,1,83.76,0
E1027,78.76,90.6,4.54,17,Tech,Delta,0,86.72000000000001,1
E1028,68.99,93.07,3.93,16,R&D,Beta,0,80.22000000000001,0
E1029,72.08,84.89,3.51,14,Support,Delta,3,75.72333333333333,0
E1030,68.98,88.71,4.28,13,Marketing,Alpha,3,81.09666666666668,0
E1031,93.52,81.66,3.22,6,Support,Delta,1,79.86,0
E1032,74.87,92.0,4.09,3,Sales,Beta,1,82.89,0
E1033,64.42,93.24,4.1,14,R&D,Delta,2,79.88666666666667,0
E1034,83.23,87.58,4.44,14,Sales,Epsilon,3,86.53666666666668,1
E1035,62.79,97.87,5.0,15,Support,Gamma,2,86.88666666666666,1
E1036,77.09,83.87,4.04,8,HR,Alpha,3,80.58666666666666,0
E1037,55.4,82.68,3.49,15,Tech,Epsilon,3,69.29333333333334,0
E1038,61.72,91.12,3.78,13,R&D,Epsilon,2,76.14666666666666,0
E1039,76.97,95.24,2.74,17,HR,Beta,0,75.67,0
E1040,82.38,98.42,3.38,3,Support,Gamma,1,82.8,0
E1041,76.71,87.71,3.55,6,Tech,Gamma,1,78.47333333333333,0
E1042,73.84,95.39,3.49,5,Finance,Zeta,1,79.67666666666668,0
E1043,71.99,89.81,3.89,17,HR,Alpha,0,79.86666666666667,0
E1044,60.21,89.14,3.31,2,HR,Beta,1,71.85000000000001,0
E1045,67.8,94.42,4.47,15,Support,Alpha,2,83.87333333333333,0
E1046,70.39,93.26,3.8,5,Marketing,Zeta,1,79.88333333333334,0
E1047,85.57,82.12,3.79,20,Support,Delta,0,81.16333333333334,0
E1048,78.44,97.38,3.6,6,HR,Epsilon,1,82.60666666666667,0
E1049,57.37,96.9,3.89,6,Tech,Alpha,1,77.35666666666667,0
E1050,78.24,86.87,4.3,18,Marketing,Epsilon,0,83.70333333333333,0
E1051,71.15,91.98,3.28,18,Support,Beta,0,76.24333333333333,0
E1052,68.23,92.47,3.41,4,R&D,Delta,1,76.3,0
E1053,81.12,91.3,3.62,17,Support,Beta,0,81.60666666666667,0
E1054,85.31,87.25,2.99,14,HR,Delta,3,77.45333333333333,0
E1055,84.31,86.64,3.31,14,HR,Delta,3,79.05,0
E1056,66.61,89.87,3.51,13,Finance,Epsilon,2,75.56,0
E1057,71.91,95.86,4.32,7,Support,Beta,1,84.72333333333333,0
E1058,78.31,92.72,3.96,12,HR,Beta,2,83.41000000000001,0
E1059,84.76,88.15,3.92,15,R&D,Alpha,3,83.77000000000001,0
E1060,70.21,93.86,4.31,19,Sales,Beta,0,83.42333333333333,0
E1061,73.14,75.76,3.72,11,Marketing,Alpha,3,74.43333333333334,0
E1062,63.94,95.74,4.03,15,Sales,Gamma,2,80.09333333333335,0
E1063,63.04,81.3,3.74,12,Marketing,Gamma,3,73.04666666666667,0
E1064,83.13,88.19,3.96,3,R&D,Gamma,1,83.50666666666666,0
E1065,88.56,84.4,3.45,17,Support,Zeta,3,80.65333333333334,0
E1066,74.28,83.53,2.34,3,Finance,Beta,1,68.20333333333333,0
E1067,85.04,95.8,3.72,19,HR,Zeta,0,85.08,1
E1068,78.62,87.66,4.65,20,HR,Beta,0,86.42666666666666,1
E1069,68.55,91.73,4.36,4,HR,Alpha,1,82.49333333333334,0
E1070,78.61,89.77,4.38,3,Support,Zeta,1,85.32666666666667,1
E1071,90.38,92.39,4.54,16,Marketing,Zeta,0,91.19,1
E1072,74.64,90.38,3.85,12,R&D,Zeta,2,80.67333333333333,0
E1073,90.65,83.59,3.92,8,HR,Delta,3,84.21333333333334,0
E1074,48.8,94.98,3.43,17,Sales,Alpha,0,70.79333333333334,0
E1075,83.22,87.53,3.61,7,HR,Gamma,1,80.98333333333333,0
E1076,75.87,82.22,4.17,11,Support,Alpha,3,80.49666666666667,0
E1077,72.01,87.86,4.52,18,R&D,Delta,0,83.42333333333333,0
E1078,75.92,97.5,3.72,1,Finance,Beta,1,82.60666666666667,0
E1079,55.12,94.25,3.53,3,R&D,Alpha,1,73.32333333333334,0
E1080,72.8,88.26,3.8,4,Sales,Zeta,1,79.02,0
E1081,78.57,88.25,4.16,13,HR,Gamma,3,83.33999999999999,0
E1082,89.78,88.39,2.93,6,HR,Gamma,1,78.92333333333333,0
E1083,69.82,100.0,2.42,14,Tech,Beta,2,72.74,0
E1084,66.92,91.91,3.47,5,Marketing,Alpha,1,76.07666666666667,0
E1085,69.98,92.15,3.07,16,Sales,Delta,0,74.51,0
E1086,84.15,95.15,3.5,15,Tech,Beta,2,83.10000000000001,0
E1087,78.29,91.19,3.71,15,R&D,Alpha,0,81.22666666666667,0
E1088,69.7,88.7,3.53,4,Finance,Epsilon,1,76.33333333333333,0
E1089,80.13,89.02,4.67,8,Marketing,Gamma,3,87.51666666666665,1
E1090,75.97,89.64,4.0,16,Sales,Delta,0,81.87,0
E1091,84.69,89.81,3.98,16,HR,Zeta,0,84.7,0
E1092,67.98,93.64,4.17,4,R&D,Delta,1,81.67333333333333,0
E1093,71.72,90.26,3.12,13,Sales,Zeta,2,74.79333333333334,0
E1094,71.08,93.66,4.42,13,HR,Delta,2,84.38000000000001,0
E1095,60.36,89.6,3.75,2,Marketing,Gamma,1,74.98666666666666,0
E1096,77.96,90.39,4.2,3,HR,Zeta,1,84.11666666666666,0
E1097,77.61,80.01,3.16,8,Finance,Alpha,3,73.60666666666667,0
E1098,75.05,94.58,2.87,15,R&D,Zeta,2,75.67666666666666,0
E1099,72.65,91.73,4.29,11,Support,Beta,2,83.39333333333333,0
E1100,60.85,94.99,4.03,9,HR,Alpha,2,78.81333333333333,0
E1101,70.79,75.52,3.26,7,Finance,Beta,3,70.50333333333333,0
E1102,71.57,100.0,3.28,13,Support,Delta,2,79.05666666666666,0
E1103,66.98,89.3,4.48,2,R&D,Alpha,1,81.96,0
E1104,73.39,95.54,3.09,8,Marketing,Delta,2,76.91000000000001,0
E1105,79.04,84.8,4.79,7,Marketing,Epsilon,3,86.54666666666667,1
E1106,93.86,93.06,3.26,12,R&D,Delta,2,84.04,0
E1107,76.75,84.73,4.18,19,R&D,Delta,0,81.69333333333334,0
E1108,77.58,86.88,3.6,7,Sales,Beta,1,78.82,0
E1109,74.26,99.57,4.16,10,Finance,Zeta,2,85.67666666666666,1
E1110,55.81,89.05,3.47,16,Finance,Epsilon,0,71.42,0
E1111,74.73,91.09,3.7,3,R&D,Delta,1,79.94,0
E1112,75.6,94.35,3.82,10,Tech,Delta,2,82.11666666666666,0
E1113,99.63,92.48,3.2,6,Tech,Epsilon,1,85.37,1
E1114,73.08,90.75,4.24,18,Support,Epsilon,0,82.87666666666667,0
E1115,78.02,91.82,3.49,18,Support,Alpha,0,79.88,0
E1116,74.65,100.0,3.66,5,Tech,Beta,1,82.61666666666667,0
E1117,63.31,89.71,3.2,7,R&D,Epsilon,1,72.33999999999999,0
E1118,86.43,91.01,2.26,2,R&D,Epsilon,1,74.21333333333332,0
E1119,82.52,95.25,3.69,11,Support,Gamma,2,83.85666666666667,0
E1120,82.91,95.53,5.0,13,HR,Zeta,2,92.81333333333333,1
E1121,65.91,95.94,4.27,5,R&D,Epsilon,1,82.41666666666667,0
E1122,89.03,93.19,3.79,6,Tech,Beta,1,86.00666666666666,1
E1123,60.98,84.28,3.64,14,Finance,Zeta,3,72.68666666666667,0
E1124,80.87,98.17,3.81,12,R&D,Zeta,2,85.08,1
E1125,96.9,84.27,4.13,4,R&D,Delta,1,87.92333333333333,1
E1126,65.09,91.51,3.09,6,HR,Delta,1,72.80000000000001,0
E1127,69.34,86.23,4.47,10,Support,Delta,3,81.65666666666665,0
E1128,76.0,89.68,4.23,18,R&D,Delta,0,83.42666666666668,0
E1129,69.97,91.64,4.23,15,Marketing,Gamma,0,82.07000000000001,0
E1130,59.49,91.61,4.06,8,Sales,Epsilon,1,77.43333333333332,0
E1131,75.69,92.11,3.81,9,Tech,Delta,2,81.33333333333333,0
E1132,64.38,98.07,4.2,5,Marketing,Alpha,1,82.14999999999999,0
E1133,79.74,92.27,4.16,10,Support,Delta,2,85.07,1
E1134,65.81,88.78,3.59,20,Finance,Epsilon,0,75.46333333333332,0
E1135,90.5,94.82,3.46,6,Sales,Delta,1,84.83999999999999,0
E1136,67.17,95.95,3.86,16,Marketing,Gamma,0,80.10666666666667,0
E1137,71.78,83.86,4.73,3,Sales,Beta,1,83.41333333333334,0
E1138,83.14,92.99,3.06,10,Tech,Beta,2,79.11,0
E1139,62.69,93.51,2.92,11,Support,Epsilon,2,71.53333333333333,0
E1140,77.27,88.51,3.9,11,R&D,Beta,3,81.26,0
E1141,88.07,96.88,3.83,17,Finance,Beta,0,87.18333333333332,1
E1142,58.93,89.25,3.9,4,Support,Alpha,1,75.39333333333333,0
E1143,76.85,90.63,3.95,4,Sales,Epsilon,1,82.16,0
E1144,77.6,89.13,3.67,17,Marketing,Epsilon,0,80.04333333333334,0
E1145,82.82,90.08,4.69,9,Tech,Beta,3,88.89999999999999,1
E1146,62.63,84.52,2.84,19,Tech,Beta,0,67.98333333333333,0
E1147,61.8,82.8,3.3,5,Support,Beta,1,70.2,0
E1148,80.22,97.97,3.74,6,R&D,Zeta,1,84.33,0
E1149,77.97,85.77,2.81,3,Marketing,Gamma,1,73.31333333333333,0
E1150,77.5,85.04,3.69,1,R&D,Delta,1,78.78000000000002,0
E1151,78.46,79.23,4.8,20,R&D,Gamma,3,84.56333333333333,0
E1152,68.2,86.81,3.81,16,Marketing,Epsilon,0,77.07,0
E1153,77.32,83.38,3.94,11,Sales,Alpha,3,79.83333333333333,0
E1154,77.93,98.21,3.04,13,Support,Delta,2,78.98,0
E1155,67.86,95.05,3.43,10,Support,Alpha,2,77.17,0
E1156,93.66,86.56,3.57,3,HR,Zeta,1,83.87333333333333,0
E1157,79.74,100.0,3.61,9,Support,Epsilon,2,83.98,0
E1158,63.09,94.91,4.57,12,Tech,Zeta,2,83.13333333333334,0
E1159,81.57,88.38,4.13,14,Sales,Epsilon,3,84.18333333333332,0
E1160,65.25,77.5,3.13,1,Marketing,Alpha,1,68.45,0
E1161,82.87,100.0,3.95,18,Support,Alpha,0,87.29,1
E1162,86.59,83.05,4.1,17,Sales,Alpha,3,83.88,0
E1163,66.79,81.77,4.48,9,Support,Epsilon,3,79.38666666666667,0
E1164,84.63,95.11,4.75,9,Marketing,Beta,2,91.58,1
E1165,79.13,100.0,3.19,10,Finance,Alpha,2,80.97666666666667,0
E1166,83.22,96.92,3.31,19,Marketing,Zeta,0,82.11333333333333,0
E1167,93.97,92.82,3.05,15,Marketing,Delta,0,82.59666666666666,0
E1168,72.55,92.97,3.66,5,Marketing,Epsilon,1,79.57333333333332,0
E1169,67.46,94.27,4.08,15,Support,Zeta,2,81.11,0
E1170,66.1,93.79,4.39,20,HR,Gamma,0,82.56333333333333,0
E1171,66.84,91.41,3.75,2,Marketing,Gamma,1,77.75,0
E1172,74.23,90.52,3.61,13,Tech,Delta,2,78.98333333333333,0
E1173,78.41,89.69,3.89,16,Tech,Beta,0,81.96666666666665,0
E1174,77.77,86.23,3.3,15,Sales,Alpha,3,76.66666666666667,0
E1175,83.27,88.6,5.0,10,HR,Epsilon,3,90.62333333333333,1
E1176,75.13,81.54,2.84,14,Sales,Zeta,3,71.15666666666668,0
E1177,89.54,89.51,3.91,10,Tech,Alpha,3,85.75,1
E1178,72.35,85.06,5.0,14,R&D,Zeta,3,85.80333333333333,1
E1179,100.0,84.48,3.8,9,Tech,Epsilon,3,86.82666666666667,1
E1180,81.26,90.9,3.69,14,Finance,Gamma,2,81.98666666666668,0
E1181,66.43,96.96,3.59,3,Marketing,Alpha,1,78.39666666666666,0
E1182,64.29,94.59,3.69,20,R&D,Delta,0,77.56,0
E1183,79.82,82.15,4.62,16,Tech,Beta,3,84.79,0
E1184,72.77,85.05,2.47,2,Support,Delta,1,69.07333333333334,0
E1185,82.14,94.7,4.72,10,Support,Beta,2,90.41333333333334,1
E1186,79.73,85.09,2.95,3,Sales,Zeta,1,74.60666666666667,0
E1187,74.27,88.88,3.64,11,R&D,Alpha,3,78.64999999999999,0
E1188,66.53,92.75,3.54,11,Sales,Alpha,2,76.69333333333333,0
E1189,59.85,85.16,4.15,13,Marketing,Beta,3,76.00333333333333,0
E1190,70.53,90.53,2.84,7,Marketing,Gamma,1,72.62,0
E1191,83.56,83.33,4.08,17,Finance,Epsilon,3,82.83,0
E1192,77.14,86.99,5.0,2,HR,Delta,1,88.04333333333334,1
E1193,62.54,91.6,2.98,12,Sales,Zeta,2,71.24666666666666,0
E1194,76.73,82.04,3.91,10,Marketing,Delta,3,78.99000000000001,0
E1195,78.85,92.2,3.4,18,Sales,Delta,0,79.68333333333334,0
E1196,66.16,89.9,4.06,11,Marketing,Zeta,2,79.08666666666666,0
E1197,76.54,92.76,3.81,16,Tech,Zeta,0,81.83333333333333,0
E1198,75.58,91.12,3.42,17,Sales,Alpha,0,78.36666666666666,0
E1199,63.57,96.82,4.09,19,Tech,Delta,0,80.73,0
E1200,78.58,90.63,4.88,18,Sales,Epsilon,0,88.93666666666665,1
E1201,80.61,87.85,3.69,3,HR,Epsilon,1,80.75333333333333,0
E1202,85.83,90.61,4.23,16,Finance,Beta,0,87.01333333333334,1
E1203,85.54,92.72,3.02,6,Support,Zeta,1,79.55333333333333,0
E1204,61.22,90.24,3.23,12,Support,Alpha,2,72.02,0
E1205,65.62,90.2,4.08,11,Support,Epsilon,2,79.14,0
E1206,80.15,86.49,4.69,15,Tech,Gamma,3,86.81333333333333,1
E1207,80.14,86.69,4.01,15,R&D,Alpha,3,82.34333333333332,0
E1208,80.15,82.99,3.61,16,Marketing,Alpha,3,78.44666666666666,0
E1209,100.0,98.75,3.8,10,Support,Epsilon,2,91.58333333333333,1
E1210,80.71,83.78,3.05,12,HR,Gamma,3,75.16333333333334,0
E1211,86.36,86.54,4.16,13,Support,Beta,3,85.36666666666667,1
E1212,84.54,86.41,4.33,4,Sales,Epsilon,1,85.84999999999998,1
E1213,81.51,94.47,3.53,7,Tech,Gamma,1,82.19333333333334,0
E1214,71.85,88.53,3.52,2,R&D,Alpha,1,76.92666666666666,0
E1215,82.59,96.24,3.96,15,Sales,Gamma,2,86.00999999999999,1
E1216,67.27,86.63,3.54,8,R&D,Alpha,1,74.89999999999999,0
E1217,72.63,91.39,3.76,7,Sales,Epsilon,1,79.74,0
E1218,70.15,85.82,5.0,15,Sales,Zeta,3,85.32333333333334,1
E1219,75.82,100.0,3.65,14,Finance,Epsilon,2,82.94,0
E1220,98.15,84.06,3.58,8,Finance,Delta,3,84.60333333333334,0
E1221,56.33,91.55,3.41,12,Marketing,Delta,2,72.02666666666666,0
E1222,81.86,93.17,4.25,13,Tech,Delta,2,86.67666666666666,1
E1223,58.87,92.07,3.69,11,HR,Epsilon,2,74.91333333333334,0
E1224,70.28,89.07,3.41,17,HR,Beta,0,75.85000000000001,0
E1225,85.89,89.35,4.59,17,HR,Epsilon,0,89.01333333333334,1
E1226,75.64,90.22,4.65,4,Sales,Zeta,1,86.28666666666668,1
E1227,64.22,89.26,3.44,8,Finance,Gamma,1,74.09333333333335,0
E1228,67.85,94.82,2.68,5,Tech,Epsilon,1,72.08999999999999,0
E1229,81.8,100.0,4.4,16,Sales,Epsilon,2,89.93333333333334,1
E1230,67.7,87.21,3.39,4,R&D,Alpha,1,74.23666666666666,0
E1231,77.16,83.15,4.27,15,Finance,Alpha,3,81.90333333333332,0
E1232,75.46,89.56,2.62,12,Finance,Alpha,2,72.47333333333333,0
E1233,68.48,100.0,4.34,5,Support,Epsilon,1,85.09333333333335,1
E1234,96.44,85.98,3.07,16,Support,Beta,0,81.27333333333334,0
E1235,81.34,98.2,4.24,14,Tech,Gamma,2,88.11333333333334,1
E1236,54.75,98.39,3.81,10,R&D,Gamma,2,76.44666666666666,0
E1237,76.86,87.23,3.23,7,Tech,Zeta,1,76.23,0
E1238,68.38,92.84,3.56,13,Tech,Beta,2,77.47333333333334,0
E1239,83.52,98.14,4.21,20,Sales,Beta,0,88.62,1
E1240,67.07,88.1,3.86,5,Marketing,Gamma,1,77.45666666666666,0
E1241,73.85,88.98,4.15,3,Tech,Delta,1,81.94333333333333,0
E1242,80.05,87.09,4.99,15,Support,Alpha,3,88.98,1
E1243,83.66,84.93,2.86,4,Marketing,Alpha,1,75.26333333333334,0
E1244,63.0,86.75,4.77,15,Sales,Gamma,3,81.71666666666665,0
E1245,71.65,83.88,3.86,14,Marketing,Beta,3,77.57666666666667,0
E1246,70.25,90.17,3.26,20,HR,Zeta,0,75.20666666666666,0
E1247,68.47,86.15,3.0,19,R&D,Delta,0,71.54,0
E1248,92.65,91.17,3.69,13,Marketing,Gamma,2,85.87333333333333,1
E1249,79.05,82.22,4.35,10,Tech,Alpha,3,82.75666666666666,0
E1250,62.39,91.65,3.72,5,Sales,Epsilon,1,76.14666666666668,0
E1251,84.18,94.17,4.71,20,R&D,Beta,0,90.85000000000001,1
E1252,96.22,80.03,2.93,20,Tech,Epsilon,0,78.28333333333333,0
E1253,85.32,91.87,3.79,6,R&D,Zeta,1,84.33,0
E1254,59.81,96.14,3.05,4,Support,Gamma,1,72.31666666666666,0
E1255,70.16,83.95,4.02,2,HR,Alpha,1,78.17,0
E1256,87.67,98.36,4.33,16,Support,Delta,0,90.87666666666667,1
E1257,67.92,92.1,3.55,18,Tech,Epsilon,0,77.00666666666666,0
E1258,79.44,86.47,2.24,5,Tech,Delta,1,70.23666666666666,0
E1259,82.75,89.72,3.92,4,Tech,Zeta,1,83.62333333333333,0
E1260,65.73,92.79,4.06,13,Finance,Alpha,2,79.90666666666667,0
E1261,74.4,90.38,4.04,19,HR,Epsilon,0,81.86,0
E1262,42.59,92.69,4.54,2,R&D,Zeta,1,75.36,0
E1263,64.76,85.4,3.16,13,Tech,Delta,3,71.12,0
E1264,72.47,90.85,4.21,11,Tech,Delta,2,82.50666666666666,0
E1265,62.52,82.93,4.52,4,R&D,Epsilon,1,78.61666666666667,0
E1266,91.32,89.44,2.73,20,Support,Alpha,0,78.45333333333333,0
E1267,60.7,85.48,3.99,20,Support,Delta,0,75.32666666666667,0
E1268,70.6,86.32,3.5,15,Tech,Gamma,3,75.64,0
E1269,76.31,96.18,3.75,4,Sales,Zeta,1,82.49666666666667,0
E1270,89.41,95.46,4.01,9,Finance,Epsilon,2,88.35666666666667,1
E1271,60.64,93.05,3.51,7,Support,Beta,1,74.63,0
E1272,86.63,84.54,3.39,19,Sales,Beta,0,79.65666666666668,0
E1273,75.1,88.42,3.82,19,Finance,Alpha,0,79.97333333333331,0
E1274,65.18,96.07,3.15,6,Tech,Gamma,1,74.75,0
E1275,79.62,90.71,3.15,6,HR,Delta,1,77.77666666666666,0
E1276,76.99,100.0,4.21,20,Marketing,Beta,0,87.06333333333333,1
E1277,69.0,91.97,3.11,15,Marketing,Alpha,2,74.39,0
E1278,75.7,90.96,4.2,15,Tech,Zeta,0,83.55333333333333,0
E1279,71.15,88.45,4.08,20,Support,Gamma,0,80.4,0
E1280,76.14,90.67,2.76,9,Sales,Gamma,2,74.00333333333333,0
E1281,81.62,89.24,3.39,4,HR,Alpha,1,79.55333333333334,0
E1282,90.86,93.54,4.52,18,R&D,Alpha,0,91.60000000000001,1
E1283,62.62,94.78,3.21,18,Finance,Delta,0,73.86666666666667,0
E1284,96.33,86.07,3.52,5,Tech,Alpha,1,84.26666666666667,0
E1285,55.48,83.34,4.08,20,HR,Delta,0,73.47333333333333,0
E1286,73.48,80.82,4.27,11,HR,Delta,3,79.89999999999999,0
E1287,80.88,92.54,3.65,5,Support,Epsilon,1,82.14,0
E1288,77.81,84.48,3.44,4,Finance,Gamma,1,77.03000000000002,0
E1289,68.77,79.24,4.65,12,HR,Zeta,3,80.33666666666666,0
E1290,72.92,91.94,4.84,2,Support,Gamma,1,87.22000000000001,1
E1291,70.07,100.0,4.39,13,Sales,Gamma,2,85.95666666666666,1
E1292,69.11,89.97,3.85,10,Support,Epsilon,2,78.69333333333333,0
E1293,83.5,94.19,3.32,9,Sales,Delta,2,81.36333333333333,0
E1294,78.57,90.41,3.3,10,Sales,Delta,2,78.32666666666667,0
E1295,68.07,89.51,4.11,7,R&D,Alpha,1,79.92666666666666,0
E1296,84.0,94.6,4.05,4,R&D,Epsilon,1,86.53333333333335,1
E1297,78.07,88.55,4.64,19,HR,Alpha,0,86.47333333333334,1
E1298,83.13,91.34,4.19,10,Support,Epsilon,2,86.08999999999999,1
E1299,81.3,91.61,2.9,3,R&D,Alpha,1,76.97,0
E1300,66.71,86.66,4.43,19,Sales,Beta,0,80.65666666666667,0
E1301,69.4,94.96,3.2,2,R&D,Gamma,1,76.12,0
E1302,82.47,89.13,3.57,20,Finance,Gamma,0,81.0,0
E1303,81.1,86.22,3.95,10,HR,Zeta,3,82.10666666666667,0
E1304,74.79,92.68,5.0,2,Support,Delta,1,89.15666666666668,1
E1305,76.17,85.51,5.0,2,Support,Zeta,1,87.22666666666667,1
E1306,87.78,90.14,4.16,17,Marketing,Beta,0,87.04,1
E1307,69.08,89.95,3.69,16,Support,Zeta,0,77.61,0
E1308,80.47,95.43,4.12,16,HR,Gamma,0,86.10000000000001,1
E1309,72.98,92.37,4.33,14,Finance,Delta,2,83.98333333333333,0
E1310,72.82,89.87,3.61,7,Support,Beta,1,78.29666666666667,0
E1311,85.99,94.09,4.88,11,Marketing,Gamma,2,92.55999999999999,1
E1312,83.25,96.95,3.94,1,HR,Alpha,1,86.33333333333333,1
E1313,83.14,92.79,4.1,11,Sales,Epsilon,2,85.97666666666667,1
E1314,88.05,90.05,4.2,4,Tech,Beta,1,87.36666666666667,1
E1315,75.21,83.44,4.05,7,Tech,Delta,3,79.88333333333333,0
E1316,81.82,84.67,4.3,15,Sales,Zeta,3,84.16333333333334,0
E1317,71.9,88.47,3.43,18,R&D,Zeta,0,76.32333333333334,0
E1318,78.24,86.95,3.47,12,Support,Beta,3,78.19666666666667,0
E1319,73.7,89.07,3.14,17,Tech,Delta,0,75.19,0
E1320,75.97,90.28,4.06,1,R&D,Beta,1,82.48333333333333,0
E1321,80.95,92.65,4.27,11,Tech,Delta,2,86.33333333333333,1
E1322,66.82,89.65,4.07,1,Sales,Zeta,1,79.29,0
E1323,95.92,92.43,4.8,15,Support,Gamma,0,94.78333333333335,1
E1324,64.94,90.32,3.8,10,Support,Alpha,2,77.08666666666666,0
E1325,62.86,80.12,4.2,7,R&D,Gamma,3,75.66000000000001,0
E1326,86.58,85.3,3.14,2,Sales,Alpha,1,78.22666666666667,0
E1327,82.92,89.28,3.57,10,R&D,Zeta,3,81.19999999999999,0
E1328,81.24,83.95,4.22,4,Support,Gamma,1,83.19666666666666,0
E1329,81.28,93.0,4.31,12,Support,Gamma,2,86.82666666666667,1
E1330,74.88,97.65,3.62,19,HR,Beta,0,81.64333333333333,0
E1331,66.03,96.09,3.76,11,R&D,Epsilon,2,79.10666666666667,0
E1332,75.76,88.93,2.89,8,HR,Zeta,1,74.16333333333334,0
E1333,68.23,97.45,3.59,18,Sales,Delta,0,79.16000000000001,0
E1334,84.75,90.74,4.33,11,Finance,Zeta,3,87.36333333333334,1
E1335,73.53,88.31,4.15,11,Tech,Delta,3,81.61333333333333,0
E1336,66.75,86.93,4.1,13,HR,Delta,3,78.56,0
E1337,71.79,88.49,3.83,3,Tech,Alpha,1,78.96,0
E1338,79.13,88.06,3.8,12,Marketing,Delta,3,81.06333333333333,0
E1339,69.36,90.85,3.4,3,Sales,Delta,1,76.07,0
E1340,66.78,90.8,4.22,10,Finance,Beta,2,80.65999999999998,0
E1341,77.44,90.02,4.05,17,Marketing,Gamma,0,82.82,0
E1342,77.45,92.18,4.1,2,Marketing,Zeta,1,83.87666666666667,0
E1343,69.93,95.95,3.48,17,Support,Zeta,0,78.49333333333333,0
E1344,70.29,94.75,2.51,16,Marketing,Delta,2,71.74666666666667,0
E1345,77.32,82.58,4.46,2,Sales,Epsilon,1,83.03333333333332,0
E1346,60.52,77.23,3.51,20,HR,Zeta,3,69.31666666666666,0
E1347,60.93,94.67,3.28,6,Sales,Delta,1,73.73333333333333,0
E1348,67.82,83.17,4.22,10,HR,Alpha,3,78.46333333333332,0
E1349,72.87,88.88,3.56,10,Marketing,Alpha,2,77.64999999999999,0
E1350,78.11,84.15,4.44,8,Marketing,Alpha,3,83.68666666666667,0
E1351,89.75,80.99,4.17,1,Finance,Delta,1,84.71333333333334,0
E1352,83.58,92.71,4.21,13,HR,Beta,2,86.83,1
E1353,73.4,93.8,2.98,9,Marketing,Epsilon,2,75.6,0
E1354,74.81,87.12,4.53,10,Support,Delta,3,84.17666666666668,0
E1355,64.97,77.04,3.96,15,Tech,Beta,3,73.73666666666666,0
E1356,74.81,87.27,3.58,5,Finance,Beta,1,77.89333333333333,0
E1357,72.11,91.96,3.89,16,Sales,Zeta,0,80.62333333333333,0
E1358,78.23,82.61,2.73,13,Finance,Delta,3,71.81333333333333,0
E1359,66.73,90.92,4.05,20,Tech,Delta,0,79.55,0
E1360,80.19,89.92,3.18,18,HR,Beta,0,77.90333333333334,0
E1361,90.33,92.9,2.99,11,Sales,Beta,2,81.01,0
E1362,73.91,90.6,2.89,9,Sales,Beta,2,74.10333333333334,0
E1363,79.02,85.13,4.47,16,HR,Zeta,3,84.51666666666665,0
E1364,81.9,95.98,3.42,2,R&D,Delta,1,82.09333333333333,0
E1365,70.99,89.21,4.72,2,R&D,Beta,1,84.86666666666666,0
E1366,77.24,89.86,3.48,12,Finance,Alpha,2,78.89999999999999,0
E1367,75.13,85.33,2.78,8,Marketing,Delta,1,72.02,0
E1368,75.98,87.78,3.13,9,R&D,Zeta,3,75.45333333333333,0
E1369,67.27,85.58,4.54,12,Finance,Alpha,3,81.21666666666665,0
E1370,75.25,89.14,3.71,9,R&D,Gamma,3,79.52999999999999,0
E1371,79.98,98.56,3.47,10,Tech,Delta,2,82.64666666666668,0
E1372,89.51,83.14,3.9,2,Support,Gamma,1,83.55,0
E1373,84.59,81.93,4.1,16,Marketing,Beta,3,82.84,0
E1374,96.53,97.36,4.47,20,Finance,Zeta,0,94.42999999999999,1
E1375,67.33,88.95,4.67,7,Support,Beta,1,83.22666666666667,0
E1376,83.72,86.65,3.58,2,Support,Zeta,1,80.65666666666667,0
E1377,76.83,95.2,3.0,1,R&D,Epsilon,1,77.34333333333333,0
E1378,96.9,86.97,3.55,19,HR,Beta,0,84.95666666666666,1
E1379,66.92,99.13,3.96,4,Tech,Gamma,1,81.75,0
E1380,66.6,93.39,3.22,2,Tech,Zeta,1,74.79666666666667,0
E1381,69.01,87.56,3.23,14,Tech,Beta,3,73.72333333333333,0
E1382,53.76,100.0,4.01,2,Marketing,Delta,1,77.98666666666666,0
E1383,69.74,86.97,3.77,15,Sales,Zeta,3,77.36999999999999,0
E1384,67.41,93.71,3.82,12,Marketing,Zeta,2,79.17333333333333,0
E1385,76.5,91.5,3.34,5,Finance,Beta,1,78.26666666666667,0
E1386,78.42,96.51,3.66,20,Support,Epsilon,0,82.71,0
E1387,93.76,97.81,3.25,7,Support,Beta,2,85.52333333333333,1
E1388,84.5,90.16,4.33,10,Sales,Gamma,3,87.08666666666666,1
E1389,69.23,86.23,4.42,14,Finance,Gamma,3,81.28666666666668,0
E1390,66.02,92.3,2.69,14,Sales,Zeta,2,70.70666666666666,0
E1391,79.92,86.61,3.24,5,Support,Zeta,1,77.11,0
E1392,61.8,100.0,2.9,18,R&D,Beta,0,73.26666666666667,0
E1393,93.31,90.68,3.41,14,Marketing,Gamma,2,84.06333333333333,0
E1394,86.79,88.17,3.75,2,Tech,Gamma,1,83.32000000000001,0
E1395,70.31,90.92,2.93,12,Support,Epsilon,2,73.27666666666667,0
E1396,57.87,83.26,3.25,6,HR,Delta,1,68.71,0
E1397,88.54,85.14,3.2,4,Tech,Epsilon,1,79.22666666666667,0
E1398,73.85,96.0,3.92,13,Support,Alpha,2,82.75,0
E1399,87.38,86.72,3.84,4,Marketing,Epsilon,1,83.63333333333333,0
E1400,59.06,84.77,3.37,14,Sales,Beta,3,70.41,0
E1401,69.01,92.68,3.91,16,R&D,Delta,0,79.96333333333332,0
E1402,75.05,95.93,3.47,4,R&D,Beta,1,80.12666666666668,0
E1403,75.47,93.59,3.64,1,Tech,Alpha,1,80.62,0
E1404,70.5,94.98,4.8,13,Marketing,Delta,2,87.16000000000001,1
E1405,81.23,86.22,4.6,4,R&D,Zeta,1,86.48333333333333,1
E1406,64.32,82.89,3.02,20,R&D,Gamma,0,69.20333333333333,0
E1407,73.58,97.51,4.3,18,Finance,Epsilon,0,85.69666666666667,1
E1408,76.2,88.39,4.29,6,HR,Beta,1,83.46333333333332,0
E1409,80.14,88.75,3.11,3,Tech,Alpha,1,77.02999999999999,0
E1410,82.12,96.64,4.29,13,Sales,Gamma,2,88.18666666666667,1
E1411,63.75,92.78,4.72,16,R&D,Epsilon,0,83.64333333333333,0
E1412,59.66,92.28,3.13,5,Finance,Gamma,1,71.51333333333334,0
E1413,87.78,100.0,3.25,4,Marketing,Epsilon,1,84.26,0
E1414,78.32,86.78,4.41,8,R&D,Zeta,3,84.43333333333334,0
E1415,67.52,94.64,3.96,19,HR,Delta,0,80.45333333333333,0
E1416,90.51,90.29,4.13,14,Sales,Gamma,3,87.8,1
E1417,76.16,91.34,4.0,7,Marketing,Gamma,1,82.5,0
E1418,86.79,97.64,4.03,14,Marketing,Gamma,2,88.34333333333335,1
E1419,75.68,92.54,3.0,6,Tech,Delta,1,76.07333333333334,0
E1420,95.61,92.69,4.43,12,R&D,Alpha,2,92.3,1
E1421,92.55,95.36,4.5,16,Tech,Epsilon,0,92.63666666666666,1
E1422,72.51,88.18,3.66,17,Sales,Zeta,0,77.96333333333332,0
E1423,84.72,85.8,3.77,13,R&D,Gamma,3,81.97333333333333,0
E1424,81.45,84.78,2.88,14,Support,Delta,3,74.61,0
E1425,88.69,80.17,4.11,7,R&D,Alpha,3,83.68666666666667,0
E1426,65.35,100.0,4.14,14,Support,Epsilon,2,82.71666666666665,0
E1427,81.86,84.48,3.76,15,Marketing,Delta,3,80.51333333333334,0
E1428,85.58,88.89,4.47,12,Tech,Zeta,3,87.95666666666666,1
E1429,57.41,88.62,3.6,17,HR,Zeta,0,72.67666666666666,0
E1430,63.17,91.54,4.14,9,R&D,Epsilon,2,79.17,0
E1431,54.61,94.08,3.19,15,HR,Gamma,2,70.83,0
E1432,72.31,94.3,3.79,12,R&D,Zeta,2,80.80333333333334,0
E1433,82.18,87.08,3.7,2,Marketing,Alpha,1,81.08666666666666,0
E1434,90.02,89.16,3.94,5,Tech,Delta,1,85.99333333333334,1
E1435,75.74,91.41,3.58,13,Sales,Alpha,2,79.58333333333333,0
E1436,91.29,88.76,3.72,20,Sales,Gamma,0,84.81666666666668,0
E1437,61.2,98.04,4.3,8,Sales,Alpha,2,81.74666666666667,0
E1438,57.97,92.45,3.54,14,R&D,Alpha,2,73.74000000000001,0
E1439,74.44,93.67,2.84,15,R&D,Beta,2,74.97000000000001,0
E1440,78.84,93.31,4.85,11,HR,Alpha,2,89.71666666666665,1
E1441,74.67,95.87,4.63,1,Tech,Epsilon,1,87.71333333333332,1
E1442,54.33,90.91,3.02,3,R&D,Delta,1,68.54666666666667,0
E1443,74.11,83.52,4.21,17,Tech,Beta,3,80.61,0
E1444,61.96,92.0,3.5,19,HR,Delta,0,74.65333333333334,0
E1445,81.7,86.74,3.96,14,R&D,Delta,3,82.54666666666667,0
E1446,78.67,87.36,3.98,8,Sales,Gamma,3,81.87666666666667,0
E1447,65.6,92.93,3.66,13,Sales,Gamma,2,77.24333333333334,0
E1448,69.86,96.19,3.33,20,Marketing,Beta,0,77.55,0
E1449,64.41,90.11,3.39,3,Support,Zeta,1,74.10666666666667,0
E1450,74.37,91.54,3.25,5,Finance,Gamma,1,76.97000000000001,0
E1451,84.55,98.51,3.3,9,Support,Gamma,2,83.02,0
E1452,65.14,91.2,3.76,6,R&D,Gamma,1,77.17999999999999,0
E1453,80.04,100.0,3.37,2,Tech,Delta,1,82.48,0
E1454,69.7,92.83,4.21,13,R&D,Beta,2,82.24333333333334,0
E1455,67.07,81.2,4.69,5,Tech,Delta,1,80.69,0
E1456,73.93,93.77,3.45,8,Tech,Epsilon,2,78.89999999999999,0
E1457,64.65,91.91,3.94,1,Support,Delta,1,78.45333333333333,0
E1458,69.46,96.45,4.1,20,Finance,Epsilon,0,82.63666666666667,0
E1459,63.02,93.37,4.08,12,Marketing,Alpha,2,79.33,0
E1460,94.65,89.31,3.85,11,Support,Alpha,3,86.98666666666668,1
E1461,75.35,83.88,4.25,7,Finance,Epsilon,3,81.41,0
E1462,68.0,88.95,4.09,15,Sales,Epsilon,0,79.58333333333333,0
E1463,77.14,85.75,3.06,11,Sales,Delta,3,74.69666666666666,0
E1464,73.88,87.1,4.32,16,Tech,Epsilon,3,82.46,0
E1465,72.79,92.94,4.33,3,HR,Beta,1,84.11,0
E1466,81.14,98.35,3.34,20,R&D,Alpha,0,82.09666666666668,0
E1467,82.58,91.97,3.82,14,R&D,Alpha,2,83.64999999999999,0
E1468,69.69,84.02,4.21,3,Tech,Zeta,1,79.30333333333333,0
E1469,69.24,92.22,3.67,1,HR,Epsilon,1,78.28666666666666,0
E1470,72.25,95.98,4.44,15,Finance,Gamma,2,85.67666666666668,1
E1471,51.98,86.95,5.0,1,Sales,Gamma,1,79.64333333333333,0
E1472,59.85,89.33,3.33,17,R&D,Epsilon,0,71.92666666666666,0
E1473,88.67,90.07,2.97,2,Support,Beta,1,79.38000000000001,0
E1474,91.45,86.08,3.98,20,HR,Gamma,0,85.71,1
E1475,72.51,93.24,4.23,6,Finance,Zeta,1,83.45,0
E1476,80.77,89.4,3.66,8,Sales,Epsilon,1,81.12333333333333,0
E1477,78.11,92.1,4.67,16,Support,Beta,0,87.87,1
E1478,100.0,85.56,3.0,19,HR,Beta,0,81.85333333333334,0
E1479,86.2,87.81,4.22,1,Tech,Delta,1,86.13666666666666,1
E1480,73.72,93.61,3.44,3,Tech,Beta,1,78.71,0
E1481,65.44,88.14,4.83,3,Tech,Gamma,1,83.39333333333333,0
E1482,58.94,98.63,5.0,5,R&D,Gamma,1,85.85666666666667,1
E1483,77.03,88.0,3.34,12,Finance,Epsilon,3,77.27666666666666,0
E1484,67.44,91.12,3.47,12,Tech,Epsilon,2,75.98666666666666,0
E1485,60.78,94.66,4.32,20,R&D,Beta,0,80.61333333333333,0
E1486,68.53,82.91,3.57,13,Marketing,Zeta,3,74.27999999999999,0
E1487,64.18,81.2,3.77,20,R&D,Alpha,0,73.59333333333333,0
E1488,91.87,82.37,3.82,9,Sales,Delta,3,83.54666666666667,0
E1489,83.82,96.31,2.65,7,R&D,Alpha,2,77.71,0
E1490,74.92,87.24,3.79,4,Finance,Beta,1,79.32,0
E1491,89.8,100.0,3.39,19,Support,Beta,0,85.86666666666667,1
E1492,75.77,87.18,3.5,19,R&D,Alpha,0,77.64999999999999,0
E1493,66.39,90.92,4.67,6,Tech,Delta,1,83.57000000000001,0
E1494,90.23,97.71,3.05,13,Sales,Alpha,2,82.98,0
E1495,80.39,100.0,4.29,11,HR,Epsilon,2,88.73,1
E1496,64.63,100.0,3.63,13,Tech,Gamma,2,79.07666666666667,0
E1497,73.1,96.04,3.63,13,Sales,Zeta,2,80.58,0
E1498,66.24,95.12,4.27,20,Marketing,Epsilon,0,82.25333333333333,0
E1499,61.17,92.96,4.0,15,HR,Gamma,2,78.04333333333334,0
E1500,84.26,93.89,4.14,13,Marketing,Zeta,2,86.98333333333333,1
E1501,94.09,87.24,4.38,11,Support,Zeta,3,89.64333333333332,1
E1502,61.01,85.91,3.6,19,Sales,Zeta,0,72.97333333333333,0
E1503,80.63,89.98,3.43,8,Marketing,Beta,1,79.73666666666668,0
E1504,68.49,89.15,3.15,20,Support,Zeta,0,73.54666666666667,0
E1505,70.13,87.73,3.3,8,Sales,Delta,1,74.62,0
E1506,69.08,93.48,5.0,10,Sales,Alpha,2,87.52,1
E1507,66.36,94.78,4.55,16,Marketing,Delta,0,84.04666666666667,0
E1508,75.49,90.44,2.99,19,Sales,Alpha,0,75.24333333333334,0
E1509,66.69,97.39,3.01,11,Tech,Epsilon,2,74.75999999999999,0
E1510,77.7,84.29,4.09,13,Sales,Epsilon,3,81.26333333333334,0
E1511,74.5,89.03,4.13,9,Finance,Alpha,3,82.04333333333334,0
E1512,72.61,86.42,4.13,20,Support,Delta,0,80.54333333333334,0
E1513,65.92,80.67,3.65,19,Sales,Alpha,3,73.19666666666667,0
E1514,69.23,89.59,3.72,16,Finance,Zeta,0,77.74,0
E1515,82.55,89.39,4.0,7,Sales,Beta,1,83.98,0
E1516,80.01,97.57,3.85,19,Sales,Epsilon,0,84.86,0
E1517,65.22,93.15,2.47,12,Marketing,Beta,2,69.25666666666667,0
E1518,75.99,84.88,3.66,15,Tech,Zeta,3,78.02333333333333,0
E1519,82.51,99.27,3.29,14,Support,Zeta,2,82.52666666666666,0
E1520,58.31,96.11,3.91,11,Tech,Epsilon,2,77.54,0
E1521,80.43,92.91,5.0,10,HR,Epsilon,2,91.11333333333334,1
E1522,68.37,88.87,4.02,11,Marketing,Zeta,3,79.21333333333332,0
E1523,80.71,85.2,3.61,6,Marketing,Gamma,1,79.37,0
E1524,67.37,88.14,4.35,2,Tech,Beta,1,80.83666666666666,0
E1525,56.95,95.44,4.09,11,R&D,Beta,2,78.06333333333333,0
E1526,58.72,99.42,4.05,19,Marketing,Gamma,0,79.71333333333332,0
E1527,75.48,97.72,4.16,6,Tech,Delta,1,85.46666666666665,1
E1528,77.6,87.56,5.0,14,Marketing,Beta,3,88.38666666666666,1
E1529,65.96,84.4,3.12,20,Sales,Alpha,0,70.92,0
E1530,81.39,90.7,4.08,6,Tech,Zeta,1,84.56333333333333,0
E1531,58.38,81.16,3.24,17,Tech,Zeta,3,68.11333333333333,0
E1532,74.34,91.62,4.13,10,Finance,Gamma,2,82.85333333333334,0
E1533,62.89,89.26,3.25,1,Marketing,Beta,1,72.38333333333334,0
E1534,68.48,87.67,3.55,3,Marketing,Delta,1,75.71666666666667,0
E1535,75.47,82.03,3.62,8,Tech,Beta,3,76.63333333333334,0
E1536,66.4,92.57,4.39,8,Sales,Zeta,1,82.25666666666666,0
E1537,71.15,87.34,4.35,20,Sales,Epsilon,0,81.83,0
E1538,85.06,84.15,3.05,15,Support,Alpha,3,76.73666666666666,0
E1539,69.23,75.64,3.83,7,Sales,Gamma,3,73.82333333333334,0
E1540,83.36,89.86,3.37,11,Marketing,Epsilon,2,80.20666666666666,0
E1541,63.7,98.86,3.04,7,R&D,Delta,2,74.45333333333333,0
E1542,80.3,98.31,3.67,4,Finance,Epsilon,1,84.00333333333334,0
E1543,89.42,87.71,3.61,12,Tech,Epsilon,3,83.11,0
E1544,50.28,86.99,5.0,6,HR,Delta,1,79.08999999999999,0
E1545,67.03,92.34,4.06,14,Finance,Epsilon,2,80.19,0
E1546,80.77,85.01,2.97,12,R&D,Gamma,3,75.06,0
E1547,72.97,91.51,3.46,11,HR,Zeta,2,77.89333333333333,0
E1548,78.71,93.83,4.41,19,Finance,Beta,0,86.91333333333334,1
E1549,68.96,96.13,5.0,5,Sales,Epsilon,1,88.36333333333333,1
E1550,75.87,89.5,2.85,14,Marketing,Gamma,2,74.12333333333333,0
E1551,73.44,88.98,2.67,16,R&D,Beta,0,71.94000000000001,0
E1552,86.68,85.61,4.92,13,HR,Beta,3,90.23000000000002,1
E1553,77.54,85.87,4.03,20,R&D,Epsilon,0,81.33666666666669,0
E1554,78.38,88.87,3.28,4,Finance,Gamma,1,77.61666666666666,0
E1555,70.88,91.84,4.12,11,Marketing,Zeta,2,81.70666666666666,0
E1556,70.12,94.57,2.22,17,R&D,Epsilon,0,69.69666666666667,0
E1557,70.67,85.98,3.8,7,HR,Delta,1,77.55,0
E1558,78.94,97.46,4.0,14,Tech,Beta,2,85.46666666666665,1
E1559,70.79,88.64,4.35,11,Finance,Epsilon,3,82.14333333333333,0
E1560,77.9,89.89,3.19,9,Tech,Beta,2,77.19666666666667,0
E1561,95.75,86.26,3.85,13,Sales,Gamma,3,86.33666666666666,1
E1562,83.71,77.88,3.24,18,Tech,Alpha,3,75.46333333333332,0
E1563,71.74,94.42,3.95,11,Tech,Epsilon,2,81.72,0
E1564,87.01,93.68,3.26,15,Support,Zeta,2,81.96333333333332,0
E1565,70.92,88.59,3.56,19,Finance,Epsilon,0,76.90333333333332,0
E1566,54.62,90.33,3.2,1,Sales,Beta,1,69.64999999999999,0
E1567,64.92,92.58,4.19,4,Tech,Gamma,1,80.43333333333334,0
E1568,56.29,82.19,4.32,14,Marketing,Delta,3,74.96,0
E1569,71.48,87.35,3.66,14,HR,Zeta,3,77.34333333333332,0
E1570,75.18,93.97,3.82,3,Tech,Gamma,1,81.85000000000001,0
E1571,91.76,83.73,2.93,17,Sales,Epsilon,0,78.03,0
E1572,78.27,91.47,3.62,3,Tech,Delta,1,80.71333333333334,0
E1573,72.81,83.22,3.77,16,HR,Gamma,3,77.14333333333333,0
E1574,83.29,92.33,5.0,14,Sales,Alpha,3,91.87333333333333,1
E1575,52.89,89.82,3.13,20,Finance,Zeta,0,68.43666666666665,0
E1576,77.36,81.92,4.68,13,Sales,Beta,3,84.29333333333334,0
E1577,82.71,95.82,4.4,15,Finance,Gamma,2,88.84333333333332,1
E1578,60.21,86.33,3.97,14,Sales,Gamma,3,75.31333333333333,0
E1579,86.44,85.95,4.86,19,R&D,Alpha,0,89.86333333333333,1
E1580,78.38,91.0,4.02,6,HR,Epsilon,1,83.25999999999999,0
E1581,70.85,95.74,4.03,10,HR,Zeta,2,82.39666666666666,0
E1582,81.33,84.92,3.77,15,Sales,Zeta,3,80.55,0
E1583,97.71,90.31,4.53,20,R&D,Beta,0,92.87333333333333,1
E1584,76.82,92.14,4.46,6,Tech,Gamma,1,86.05333333333333,1
E1585,77.48,93.47,3.42,10,HR,Delta,2,79.78333333333333,0
E1586,70.41,90.88,3.01,7,Finance,Gamma,1,73.83,0
E1587,66.5,88.16,3.68,17,Finance,Beta,0,76.08666666666666,0
E1588,83.3,85.86,3.32,18,Marketing,Gamma,0,78.52,0
E1589,66.44,90.43,3.76,17,Support,Alpha,0,77.35666666666667,0
E1590,75.72,84.64,4.54,9,R&D,Gamma,3,83.72000000000001,0
E1591,70.22,75.39,3.53,10,Support,Gamma,3,72.07000000000001,0
E1592,79.79,92.18,3.77,10,Support,Delta,2,82.45666666666668,0
E1593,78.34,94.52,3.83,7,Finance,Alpha,1,83.15333333333334,0
E1594,85.38,78.19,4.31,16,Marketing,Alpha,3,83.25666666666666,0
E1595,69.9,84.95,2.45,18,Support,Gamma,0,67.95,0
E1596,72.3,93.1,3.44,6,Support,Zeta,1,78.06666666666666,0
E1597,65.21,100.0,3.93,20,Sales,Delta,0,81.27,0
E1598,70.56,90.1,4.52,1,Sales,Gamma,1,83.68666666666667,0
E1599,78.77,86.36,3.5,1,Sales,Gamma,1,78.37666666666667,0
E1600,82.57,89.09,2.67,12,Tech,Beta,2,75.02,0
E1601,65.78,96.87,4.17,2,Support,Beta,1,82.01666666666667,0
E1602,83.7,86.77,3.42,4,Tech,Zeta,1,79.62333333333333,0
E1603,88.56,86.0,3.09,17,Marketing,Delta,0,78.78666666666668,0
E1604,79.13,87.59,3.43,4,R&D,Epsilon,1,78.44,0
E1605,93.77,85.23,3.69,11,Finance,Beta,3,84.26666666666667,0
E1606,67.26,90.61,3.44,4,Support,Epsilon,1,75.55666666666667,0
E1607,62.55,98.12,2.48,1,Finance,Alpha,1,70.09,0
E1608,57.21,91.62,4.34,7,R&D,Beta,1,78.54333333333334,0
E1609,89.96,88.74,4.56,18,Sales,Beta,0,89.96666666666665,1
E1610,81.54,88.54,4.19,9,Support,Delta,3,84.62666666666668,0
E1611,74.44,82.18,3.12,3,HR,Zeta,1,73.00666666666667,0
E1612,77.8,94.42,3.68,8,Tech,Epsilon,2,81.94,0
E1613,63.75,89.61,3.8,19,Tech,Beta,0,76.45333333333333,0
E1614,99.46,89.1,4.16,4,Support,Beta,1,90.58666666666666,1
E1615,76.29,100.0,4.2,18,R&D,Delta,0,86.76333333333334,1
E1616,76.09,91.49,3.36,20,Sales,Delta,0,78.25999999999999,0
E1617,82.26,86.24,3.85,11,Tech,Zeta,3,81.83333333333333,0
E1618,79.81,87.87,4.07,14,Sales,Epsilon,3,83.02666666666667,0
E1619,77.24,95.74,4.67,18,Marketing,Alpha,0,88.79333333333334,1
E1620,67.1,90.57,4.22,16,Finance,Zeta,0,80.69,0
E1621,79.71,82.81,4.27,3,R&D,Alpha,1,82.63999999999999,0
E1622,93.82,94.6,3.85,15,HR,Gamma,0,88.47333333333331,1
E1623,88.45,86.66,4.65,4,Finance,Beta,1,89.37,1
E1624,90.93,99.37,4.05,5,Finance,Epsilon,1,90.43333333333334,1
E1625,69.89,95.4,3.28,17,Marketing,Zeta,0,76.96333333333334,0
E1626,65.1,87.76,4.64,7,Tech,Beta,1,81.88666666666667,0
E1627,73.74,96.41,4.22,16,HR,Epsilon,0,84.84999999999998,0
E1628,75.56,90.34,3.53,14,Tech,Epsilon,2,78.83333333333333,0
E1629,85.94,94.26,3.51,16,Support,Epsilon,0,83.46666666666665,0
E1630,58.08,92.42,3.98,7,Finance,Beta,1,76.7,0
E1631,90.3,85.77,4.08,9,Support,Zeta,3,85.88999999999999,1
E1632,73.42,86.78,3.92,4,Sales,Delta,1,79.53333333333333,0
E1633,70.73,95.15,3.99,11,Finance,Beta,2,81.89333333333333,0
E1634,64.88,88.33,4.82,2,Tech,Epsilon,1,83.20333333333333,0
E1635,58.45,87.98,4.44,12,Finance,Zeta,3,78.41000000000001,0
E1636,83.23,85.22,3.91,12,Sales,Gamma,3,82.21666666666665,0
E1637,75.73,92.12,4.36,4,Marketing,Alpha,1,85.01666666666667,1
E1638,62.1,100.0,3.18,18,Support,Epsilon,0,75.23333333333333,0
E1639,62.05,84.66,4.04,7,Support,Gamma,1,75.83666666666666,0
E1640,71.64,90.12,4.89,1,Tech,Delta,1,86.52,1
E1641,91.69,97.06,3.67,13,Finance,Epsilon,2,87.38333333333333,1
E1642,72.4,89.6,3.29,6,Tech,Gamma,1,75.93333333333334,0
E1643,59.97,92.26,3.41,6,Marketing,Epsilon,1,73.47666666666667,0
E1644,72.54,84.69,3.15,12,Finance,Beta,3,73.41000000000001,0
E1645,72.27,92.14,3.33,8,Finance,Zeta,2,77.00333333333333,0
E1646,48.03,89.06,3.58,19,Tech,Gamma,0,69.56333333333333,0
E1647,74.46,94.93,2.96,5,Tech,Zeta,1,76.19666666666666,0
E1648,72.69,95.94,3.81,18,Sales,Beta,0,81.61,0
E1649,81.96,100.0,4.34,5,R&D,Beta,1,89.58666666666666,1
E1650,93.49,92.9,3.26,10,R&D,Zeta,2,83.86333333333333,0
E1651,86.27,91.63,4.71,1,Marketing,Gamma,1,90.69999999999999,1
E1652,72.31,90.97,4.11,10,R&D,Zeta,2,81.82666666666667,0
E1653,63.93,88.23,4.42,5,Sales,Zeta,1,80.18666666666667,0
E1654,100.0,91.69,3.41,12,Support,Alpha,2,86.63,1
E1655,75.59,88.52,4.31,7,Finance,Gamma,1,83.43666666666667,0
E1656,75.14,90.84,3.14,9,Tech,Alpha,2,76.26,0
E1657,74.76,96.59,4.33,12,Finance,Epsilon,2,85.98333333333335,1
E1658,76.98,84.97,3.9,1,Finance,Zeta,1,79.98333333333333,0
E1659,73.56,95.7,4.13,11,HR,Epsilon,2,83.95333333333333,0
E1660,69.26,96.59,3.09,15,Support,Gamma,2,75.88333333333334,0
E1661,69.53,89.41,3.26,2,HR,Zeta,1,74.71333333333332,0
E1662,74.67,79.39,4.16,20,R&D,Epsilon,3,79.08666666666666,0
E1663,69.57,86.96,3.23,7,Finance,Delta,1,73.71,0
E1664,67.87,96.48,4.08,12,Tech,Beta,2,81.98333333333333,0
E1665,76.06,89.89,2.98,18,Finance,Zeta,0,75.18333333333332,0
E1666,72.45,85.0,4.31,3,Support,Beta,1,81.21666666666665,0
E1667,90.04,87.48,3.06,7,HR,Alpha,1,79.57333333333334,0
E1668,48.49,94.2,4.13,11,Tech,Epsilon,2,75.09666666666666,0
E1669,85.92,92.73,4.18,18,Finance,Alpha,0,87.41666666666667,1
E1670,87.46,88.81,3.38,12,Marketing,Zeta,3,81.28999999999999,0
E1671,54.27,88.17,4.15,6,Support,Beta,1,75.14666666666666,0
E1672,71.57,88.04,3.96,5,Support,Beta,1,79.60333333333334,0
E1673,71.29,85.39,3.48,1,Marketing,Epsilon,1,75.42666666666666,0
E1674,60.92,98.08,3.19,12,Finance,Zeta,2,74.26666666666667,0
E1675,67.22,88.39,2.62,11,Support,Delta,2,69.33666666666667,0
E1676,63.89,96.09,4.01,4,Tech,Delta,1,80.06,0
E1677,92.52,97.61,2.86,18,Finance,Epsilon,0,82.44333333333333,0
E1678,84.36,94.99,3.86,4,Finance,Zeta,1,85.51666666666667,1
E1679,87.72,87.84,3.64,17,HR,Epsilon,0,82.78666666666668,0
E1680,82.22,92.02,4.21,2,Support,Zeta,1,86.14666666666666,1
E1681,63.71,89.88,3.62,2,Support,Alpha,1,75.33,0
E1682,69.75,85.48,3.6,12,Marketing,Epsilon,3,75.74333333333334,0
E1683,79.89,91.62,4.24,6,HR,Zeta,1,85.43666666666667,1
E1684,62.78,84.1,4.0,10,R&D,Delta,3,75.62666666666667,0
E1685,82.13,95.94,3.99,16,HR,Zeta,0,85.95666666666666,1
E1686,72.6,87.68,4.08,14,Support,Zeta,3,80.62666666666667,0
E1687,71.25,91.01,2.88,7,Finance,Epsilon,1,73.28666666666666,0
E1688,82.11,91.42,4.25,19,HR,Alpha,0,86.17666666666666,1
E1689,79.44,88.71,4.17,17,Marketing,Alpha,0,83.85,0
E1690,71.39,92.93,3.19,9,HR,Alpha,2,76.04,0
E1691,86.59,87.63,3.65,13,Marketing,Alpha,3,82.40666666666667,0
E1692,64.19,94.36,3.78,5,R&D,Gamma,1,78.05,0
E1693,81.16,83.27,3.72,5,HR,Epsilon,1,79.61,0
E1694,80.93,90.63,4.0,10,Marketing,Beta,2,83.85333333333334,0
E1695,71.9,99.69,4.66,10,HR,Epsilon,2,88.26333333333334,1
E1696,78.26,85.0,4.45,7,R&D,Gamma,3,84.08666666666666,0
E1697,62.49,86.61,3.01,15,HR,Alpha,0,69.76666666666667,0
E1698,84.24,92.57,4.17,7,Tech,Gamma,1,86.73666666666668,1
E1699,73.15,90.9,4.6,15,Marketing,Delta,0,85.35000000000001,1
E1700,69.77,91.75,4.03,3,R&D,Delta,1,80.70666666666666,0
E1701,85.49,92.45,4.45,19,Marketing,Epsilon,0,88.98,1
E1702,67.96,93.17,5.0,10,Marketing,Epsilon,2,87.04333333333334,1
E1703,60.92,95.55,4.41,15,Sales,Beta,2,81.55666666666667,0
E1704,59.43,92.05,3.95,3,R&D,Beta,1,76.82666666666667,0
E1705,81.06,88.79,4.43,6,HR,Delta,1,86.15000000000002,1
E1706,62.2,93.36,3.89,12,Marketing,Alpha,2,77.78666666666668,0
E1707,92.55,99.5,3.81,15,Support,Gamma,2,89.41666666666667,1
E1708,54.18,89.34,3.59,6,Sales,Beta,1,71.77333333333333,0
E1709,91.96,85.13,4.74,13,Tech,Zeta,3,90.63,1
E1710,77.11,95.54,3.31,19,Marketing,Beta,0,79.61666666666667,0
E1711,74.03,89.4,4.72,3,Marketing,Alpha,1,85.94333333333333,1
E1712,69.55,79.14,4.1,8,Sales,Alpha,3,76.89666666666666,0
E1713,78.99,94.24,2.96,8,HR,Epsilon,2,77.47666666666667,0
E1714,74.62,87.32,4.02,20,Support,Gamma,0,80.77999999999999,0
E1715,86.03,89.55,2.54,15,Tech,Alpha,0,75.46,0
E1716,76.14,91.66,4.18,4,Marketing,Beta,1,83.8,0
E1717,76.5,90.95,4.33,19,HR,Beta,0,84.68333333333332,0
E1718,71.36,93.55,3.44,3,R&D,Delta,1,77.90333333333332,0
E1719,74.43,87.82,3.87,13,Support,Alpha,3,79.88333333333334,0
E1720,78.08,92.57,4.97,8,R&D,Zeta,1,90.01666666666665,1
E1721,57.9,88.7,3.5,16,Support,Epsilon,0,72.2,0
E1722,61.52,93.69,3.16,13,Tech,Gamma,2,72.80333333333334,0
E1723,82.43,93.08,4.69,3,Finance,Zeta,1,89.77,1
E1724,76.71,85.32,4.98,16,Support,Epsilon,3,87.21,1
E1725,73.16,95.43,3.8,9,Finance,Beta,2,81.53,0
E1726,75.18,87.32,4.41,14,R&D,Zeta,3,83.56666666666666,0
E1727,78.48,94.04,4.6,13,Support,Epsilon,2,88.17333333333333,1
E1728,69.6,91.84,3.35,7,Tech,Beta,1,76.14666666666666,0
E1729,67.22,99.19,3.51,15,Sales,Beta,2,78.86999999999999,0
E1730,76.96,88.88,4.54,7,Tech,Beta,1,85.54666666666667,1
E1731,65.22,88.25,4.81,6,Tech,Beta,1,83.22333333333333,0
E1732,79.08,89.9,4.14,2,Sales,Beta,1,83.92666666666668,0
E1733,57.97,88.48,3.27,9,Sales,Delta,2,70.61666666666666,0
E1734,85.29,94.0,4.99,17,HR,Zeta,0,93.03000000000002,1
E1735,79.73,81.92,3.48,5,Support,Epsilon,1,77.08333333333333,0
E1736,77.56,84.73,3.6,12,R&D,Delta,3,78.09666666666668,0
E1737,84.83,84.66,4.01,1,HR,Delta,1,83.23,0
E1738,91.65,94.75,4.73,10,Sales,Alpha,2,93.66666666666667,1
E1739,85.14,98.55,4.31,11,Finance,Alpha,2,89.96333333333332,1
E1740,56.59,89.48,4.05,16,R&D,Alpha,0,75.69,0
E1741,62.2,89.16,4.08,14,Finance,Gamma,3,77.65333333333334,0
E1742,68.75,90.35,3.83,8,Tech,Alpha,1,78.56666666666666,0
E1743,75.26,95.81,4.13,17,Marketing,Epsilon,0,84.55666666666666,0
E1744,80.18,85.36,2.28,18,Tech,Delta,0,70.38000000000001,0
E1745,67.74,91.19,3.62,12,Tech,Epsilon,2,77.11,0
E1746,76.87,94.88,3.94,17,Marketing,Zeta,0,83.51666666666667,0
E1747,67.45,92.51,3.11,14,Support,Alpha,2,74.05333333333333,0
E1748,68.88,90.95,4.03,16,Sales,Gamma,0,80.14333333333333,0
E1749,60.93,95.01,3.68,14,Finance,Zeta,2,76.51333333333334,0
E1750,65.77,76.48,4.85,9,Tech,Gamma,3,79.75,0
E1751,61.48,93.39,4.74,4,Marketing,Zeta,1,83.22333333333334,0
E1752,65.24,86.73,3.52,11,HR,Delta,3,74.12333333333333,0
E1753,85.54,80.85,3.71,6,Tech,Epsilon,3,80.19666666666666,0
E1754,65.51,92.56,3.76,15,Finance,Beta,0,77.75666666666666,0
E1755,100.0,96.87,3.53,5,Sales,Epsilon,1,89.15666666666668,1
E1756,79.93,89.31,3.92,11,Tech,Alpha,3,82.54666666666667,0
E1757,76.85,94.76,3.35,18,Tech,Beta,0,79.53666666666668,0
E1758,66.42,98.06,3.12,13,Support,Gamma,2,75.62666666666668,0
E1759,82.0,96.57,4.17,11,Marketing,Delta,2,87.32333333333334,1
E1760,69.24,98.2,4.18,14,HR,Delta,2,83.67999999999999,0
E1761,76.22,93.71,3.32,18,HR,Gamma,0,78.77666666666666,0
E1762,100.0,90.38,4.34,19,R&D,Alpha,0,92.39333333333333,1
E1763,74.04,81.99,3.42,15,Sales,Gamma,3,74.81,0
E1764,86.49,88.77,3.95,9,R&D,Zeta,3,84.75333333333333,0
E1765,67.97,85.78,4.29,8,Finance,Alpha,3,79.85000000000001,0
E1766,74.65,100.0,3.78,20,Sales,Beta,0,83.41666666666667,0
E1767,92.71,89.12,4.07,1,Tech,Gamma,1,87.74333333333334,1
E1768,68.73,90.62,3.49,4,Tech,Alpha,1,76.38333333333334,0
E1769,93.12,92.76,3.68,14,HR,Beta,2,86.49333333333334,1
E1770,82.08,90.22,3.68,2,Finance,Gamma,1,81.96666666666668,0
E1771,69.38,98.48,3.35,16,Marketing,Delta,2,78.28666666666668,0
E1772,81.32,86.89,3.69,3,Finance,Gamma,1,80.67,0
E1773,84.73,90.97,2.87,8,Tech,Epsilon,1,77.7,0
E1774,81.22,86.29,3.51,6,Marketing,Gamma,1,79.23666666666666,0
E1775,59.3,83.4,3.63,16,Finance,Epsilon,3,71.76666666666667,0
E1776,67.73,86.94,3.65,16,Finance,Beta,0,75.89,0
E1777,72.52,89.81,3.66,7,Marketing,Gamma,1,78.50999999999999,0
E1778,74.26,87.85,3.76,13,Tech,Beta,3,79.10333333333334,0
E1779,81.21,86.54,4.09,13,Finance,Beta,3,83.18333333333334,0
E1780,76.78,82.97,4.32,5,Marketing,Alpha,1,82.05,0
E1781,61.65,89.58,3.41,20,Support,Beta,0,73.14333333333333,0
E1782,78.8,82.48,3.08,18,Support,Beta,0,74.29333333333334,0
E1783,81.11,93.8,3.17,15,Tech,Gamma,2,79.43666666666667,0
E1784,80.6,90.41,3.51,18,Marketing,Gamma,0,80.40333333333332,0
E1785,85.81,82.71,3.59,2,Support,Delta,1,80.10666666666667,0
E1786,83.34,88.45,3.34,10,Marketing,Alpha,3,79.53000000000002,0
E1787,79.59,86.24,3.02,13,Finance,Beta,3,75.41,0
E1788,74.3,91.6,3.53,18,Tech,Alpha,0,78.83333333333333,0
E1789,58.39,96.7,3.91,15,Support,Epsilon,2,77.76333333333334,0
E1790,79.3,80.62,4.16,12,R&D,Beta,3,81.04,0
E1791,77.08,90.58,3.47,15,Finance,Alpha,0,79.02,0
E1792,77.72,89.2,3.55,13,R&D,Delta,3,79.30666666666667,0
E1793,62.23,93.36,3.24,18,R&D,Delta,0,73.46333333333334,0
E1794,64.19,91.07,3.78,15,Sales,Beta,0,76.95333333333333,0
E1795,85.53,86.24,3.29,11,Sales,Epsilon,3,79.19,0
E1796,74.6,88.4,4.14,19,Tech,Delta,0,81.93333333333334,0
E1797,81.82,86.02,2.73,3,Support,Delta,1,74.14666666666666,0
E1798,75.28,95.38,3.58,7,Support,Epsilon,2,80.75333333333333,0
E1799,75.3,90.11,3.98,14,Support,Alpha,0,81.67,0
E1800,84.38,99.51,3.91,14,Marketing,Delta,2,87.36333333333333,1
E1801,69.84,89.7,5.0,13,Finance,Gamma,3,86.51333333333334,1
E1802,75.96,86.46,4.01,12,Support,Zeta,3,80.87333333333332,0
E1803,70.38,82.43,3.2,9,Finance,Zeta,3,72.27,0
E1804,70.66,80.98,3.74,1,Tech,Delta,1,75.48,0
E1805,71.91,82.08,2.73,19,R&D,Alpha,0,69.53,0
E1806,77.22,91.34,3.75,11,Support,Alpha,2,81.18666666666667,0
E1807,70.21,92.54,3.3,19,Tech,Beta,0,76.25,0
E1808,87.56,82.09,4.35,18,Support,Gamma,3,85.55,1
E1809,66.05,94.48,3.47,12,Sales,Alpha,2,76.64333333333333,0
E1810,73.13,87.58,3.73,1,HR,Epsilon,1,78.43666666666665,0
E1811,70.6,90.73,3.42,19,Tech,Gamma,0,76.57666666666667,0
E1812,89.47,98.06,4.84,20,Support,Zeta,0,94.77666666666666,1
E1813,76.97,94.48,3.61,17,HR,Gamma,0,81.21666666666665,0
E1814,85.32,88.66,4.9,5,Tech,Epsilon,1,90.66000000000001,1
E1815,60.14,85.54,4.29,3,Marketing,Delta,1,77.16000000000001,0
E1816,77.67,79.24,4.09,2,Support,Epsilon,1,79.57,0
E1817,83.9,86.4,4.02,3,Marketing,Epsilon,1,83.56666666666666,0
E1818,75.82,88.94,4.04,8,Sales,Delta,1,81.85333333333334,0
E1819,85.65,85.06,2.64,16,Support,Delta,0,74.50333333333334,0
E1820,69.83,89.34,3.63,6,R&D,Delta,1,77.25666666666667,0
E1821,89.09,90.38,4.31,13,Sales,Delta,3,88.55666666666666,1
E1822,97.99,88.88,3.77,16,HR,Delta,0,87.42333333333333,1
E1823,71.37,86.75,2.96,16,Tech,Epsilon,0,72.44,0
E1824,70.54,90.84,3.77,3,Finance,Beta,1,78.92666666666666,0
E1825,89.53,92.21,4.82,13,Sales,Beta,3,92.71333333333332,1
E1826,90.8,84.55,4.55,14,Finance,Alpha,3,88.78333333333335,1
E1827,69.77,97.05,3.76,8,Finance,Beta,2,80.67333333333333,0
E1828,70.8,89.51,4.37,12,Tech,Zeta,3,82.57000000000001,0
E1829,72.18,90.09,3.58,8,HR,Beta,1,77.95666666666666,0
E1830,61.56,93.54,2.78,9,Tech,Epsilon,2,70.23333333333333,0
E1831,65.81,91.17,3.25,1,Support,Delta,1,73.99333333333334,0
E1832,64.96,94.77,4.74,6,Sales,Delta,1,84.84333333333333,0
E1833,67.32,91.44,3.64,19,Finance,Epsilon,0,77.18666666666667,0
E1834,74.65,86.94,3.65,11,Tech,Zeta,3,78.19666666666667,0
E1835,77.34,91.81,3.62,11,Tech,Beta,2,80.51666666666667,0
E1836,90.51,84.28,4.94,13,Tech,Epsilon,3,91.19666666666667,1
E1837,65.02,90.54,4.78,11,Sales,Alpha,3,83.72000000000001,0
E1838,84.84,89.83,5.0,18,HR,Delta,0,91.55666666666667,1
E1839,72.86,88.96,3.7,15,R&D,Gamma,0,78.60666666666667,0
E1840,74.51,89.36,3.98,1,Tech,Alpha,1,81.15666666666667,0
E1841,81.75,80.59,2.89,7,Sales,Zeta,3,73.38000000000001,0
E1842,63.77,87.26,4.69,13,Finance,Alpha,3,81.61,0
E1843,78.82,90.46,3.1,12,Support,Epsilon,2,77.09333333333332,0
E1844,76.66,90.8,3.93,18,R&D,Beta,0,82.02,0
E1845,79.92,84.86,3.14,19,Marketing,Delta,0,75.86,0
E1846,77.89,96.33,3.45,15,R&D,Zeta,2,81.07333333333334,0
E1847,99.55,85.67,3.3,8,R&D,Zeta,3,83.74,0
E1848,68.62,94.85,3.44,19,Sales,Gamma,0,77.42333333333333,0
E1849,69.69,92.14,3.48,10,Marketing,Alpha,2,77.14333333333333,0
E1850,68.77,86.77,3.47,7,Tech,Gamma,1,74.98,0
E1851,69.45,98.88,4.3,18,Tech,Beta,0,84.77666666666666,0
E1852,68.63,84.03,3.14,16,R&D,Beta,3,71.82000000000001,0
E1853,86.89,94.6,3.93,20,Sales,Gamma,0,86.69666666666667,1
E1854,89.21,95.0,4.53,6,Marketing,Delta,1,91.60333333333334,1
E1855,69.29,86.65,3.49,9,Tech,Beta,3,75.24666666666667,0
E1856,66.68,96.96,3.37,13,Finance,Gamma,2,77.01333333333334,0
E1857,79.71,88.75,3.66,8,HR,Alpha,1,80.55333333333333,0
E1858,69.48,91.44,4.51,16,HR,Gamma,0,83.70666666666666,0
E1859,81.33,91.3,3.92,13,Tech,Gamma,2,83.67666666666666,0
E1860,77.03,89.33,3.48,13,Marketing,Epsilon,2,78.65333333333334,0
E1861,59.84,94.05,4.09,17,Support,Beta,0,78.56333333333333,0
E1862,90.48,93.97,3.14,20,Tech,Delta,0,82.41666666666667,0
E1863,92.96,81.26,4.21,5,Support,Delta,3,86.14,1
E1864,68.87,96.52,4.05,17,Support,Epsilon,0,82.13,0
E1865,71.12,81.69,3.62,9,Marketing,Zeta,3,75.07000000000001,0
E1866,77.86,95.16,3.3,2,Support,Delta,1,79.67333333333333,0
E1867,78.34,95.63,3.27,18,Finance,Gamma,0,79.79,0
E1868,81.59,84.55,4.12,9,Marketing,Epsilon,3,82.84666666666666,0
E1869,95.1,87.95,4.54,6,Tech,Alpha,1,91.28333333333335,1
E1870,73.23,84.47,3.42,11,R&D,Beta,3,75.36666666666666,0
E1871,67.02,88.93,4.08,6,Finance,Beta,1,79.18333333333332,0
E1872,61.21,88.46,2.55,6,Sales,Beta,1,66.89,0
E1873,67.69,93.9,3.45,13,HR,Gamma,2,76.86333333333333,0
E1874,74.67,96.55,3.78,11,Tech,Alpha,2,82.27333333333333,0
E1875,92.95,96.98,3.25,14,Tech,Epsilon,2,84.97666666666667,1
E1876,69.82,87.19,3.24,2,Tech,Epsilon,1,73.93666666666667,0
E1877,77.24,88.95,3.4,8,Finance,Beta,1,78.06333333333333,0
E1878,74.84,81.58,3.98,3,Sales,Alpha,1,78.67333333333333,0
E1879,86.88,85.97,3.69,3,R&D,Alpha,1,82.21666666666665,0
E1880,100.0,94.82,2.46,1,Marketing,Alpha,1,81.33999999999999,0
E1881,69.69,98.08,2.53,19,Sales,Delta,0,72.78999999999999,0
E1882,70.11,83.83,3.44,18,Finance,Delta,0,74.24666666666667,0
E1883,85.44,87.04,4.07,17,Tech,Beta,0,84.62666666666668,0
E1884,81.82,89.87,2.15,20,HR,Alpha,0,71.56333333333333,0
E1885,93.47,91.4,3.5,13,Tech,Zeta,2,84.95666666666666,1
E1886,80.84,85.95,3.48,3,Marketing,Alpha,1,78.79666666666667,0
E1887,71.41,92.12,4.63,1,Support,Epsilon,1,85.37666666666667,1
E1888,80.91,87.63,3.57,4,HR,Epsilon,1,79.98,0
E1889,86.09,89.93,4.03,13,Tech,Beta,3,85.54,1
E1890,83.2,92.73,3.88,17,R&D,Zeta,0,84.51,0
E1891,80.07,90.03,2.52,11,HR,Alpha,2,73.5,0
E1892,85.67,87.82,4.26,2,Support,Zeta,1,86.23,1
E1893,86.69,89.45,3.93,16,Sales,Beta,0,84.91333333333334,0
E1894,88.82,89.56,4.1,2,Finance,Epsilon,1,86.79333333333334,1
E1895,81.49,88.15,5.0,19,Tech,Epsilon,0,89.88,1
E1896,73.33,88.71,2.55,19,Marketing,Delta,0,71.01333333333334,0
E1897,76.47,97.99,4.83,16,Sales,Beta,0,90.35333333333331,1
E1898,87.07,92.8,3.63,19,Tech,Beta,0,84.15666666666667,0
E1899,66.83,88.52,3.97,9,Sales,Alpha,3,78.25,0
E1900,78.69,93.48,3.77,1,Marketing,Alpha,1,82.52333333333334,0
E1901,71.07,88.33,3.55,10,Tech,Delta,3,76.8,0
E1902,75.29,95.87,3.46,19,Support,Gamma,0,80.12,0
E1903,87.78,91.85,4.0,1,Support,Zeta,1,86.54333333333334,1
E1904,76.91,89.46,2.89,2,Marketing,Gamma,1,74.72333333333334,0
E1905,75.46,92.24,4.25,16,HR,Gamma,0,84.23333333333333,0
E1906,61.4,82.15,3.55,12,Marketing,Beta,3,71.51666666666667,0
E1907,82.46,84.37,3.12,8,HR,Zeta,3,76.41,0
E1908,81.45,84.03,3.53,18,Tech,Beta,0,78.69333333333334,0
E1909,96.63,90.71,4.55,2,HR,Zeta,1,92.77999999999999,1
E1910,71.92,98.66,3.48,13,Tech,Epsilon,2,80.05999999999999,0
E1911,77.19,100.0,4.02,6,Tech,Beta,2,85.86333333333333,1
E1912,77.49,93.19,3.36,6,R&D,Beta,1,79.29333333333334,0
E1913,90.77,92.5,4.25,9,Finance,Beta,2,89.42333333333333,1
E1914,74.05,80.99,4.21,16,Tech,Delta,3,79.74666666666667,0
E1915,77.79,87.29,4.91,11,HR,Beta,3,87.76,1
E1916,81.08,86.06,3.69,7,Finance,Alpha,1,80.31333333333333,0
E1917,76.87,86.9,4.2,10,Finance,Alpha,3,82.59,0
E1918,70.54,89.16,3.86,10,Tech,Zeta,3,78.96666666666665,0
E1919,76.94,87.64,4.58,20,Marketing,Epsilon,0,85.39333333333332,1
E1920,85.74,80.1,3.37,18,Marketing,Delta,3,77.74666666666666,0
E1921,64.73,93.74,4.25,20,Support,Zeta,0,81.15666666666667,0
E1922,76.33,84.64,3.68,9,Finance,Alpha,3,78.19,0
E1923,68.0,91.2,3.76,15,Tech,Delta,0,78.13333333333333,0
E1924,86.95,100.0,3.86,4,R&D,Delta,1,88.05,1
E1925,59.77,85.4,3.95,8,Marketing,Epsilon,3,74.72333333333334,0
E1926,69.41,77.35,3.73,9,R&D,Delta,3,73.78666666666666,0
E1927,78.77,88.57,3.93,13,Tech,Beta,3,81.98,0
E1928,90.66,95.5,4.75,9,Tech,Delta,2,93.71999999999998,1
E1929,74.34,99.79,4.39,4,Finance,Epsilon,1,87.31,1
E1930,69.45,83.85,4.32,17,R&D,Zeta,3,79.9,0
E1931,93.81,92.48,3.53,16,Support,Epsilon,0,85.63,1
E1932,60.52,87.67,3.27,15,Finance,Epsilon,0,71.19666666666667,0
E1933,53.01,89.47,4.37,3,Sales,Alpha,1,76.62666666666667,0
E1934,79.4,100.0,4.33,20,R&D,Beta,0,88.66666666666667,1
E1935,69.98,82.49,4.68,5,Marketing,Alpha,1,82.02333333333333,0
E1936,64.79,91.27,3.44,5,Marketing,Zeta,1,74.95333333333333,0
E1937,82.08,92.34,3.66,20,Marketing,Gamma,0,82.54,0
E1938,77.44,95.43,2.82,15,HR,Zeta,2,76.42333333333333,0
E1939,69.36,90.49,3.56,18,Tech,Beta,0,77.01666666666667,0
E1940,62.2,91.54,4.4,15,Finance,Delta,0,80.58,0
E1941,83.72,88.04,3.52,2,Marketing,Epsilon,1,80.72,0
E1942,81.5,91.35,4.18,13,Sales,Gamma,2,85.48333333333333,1
E1943,74.01,88.28,3.69,4,Marketing,Beta,1,78.69666666666667,0
E1944,93.47,93.11,3.99,10,Support,Alpha,2,88.79333333333334,1
E1945,64.3,88.15,3.11,13,Tech,Epsilon,2,71.55,0
E1946,59.74,91.89,3.85,10,R&D,Zeta,2,76.21,0
E1947,68.08,89.85,2.01,9,Tech,Alpha,2,66.04333333333334,0
E1948,74.54,95.63,3.69,8,R&D,Beta,2,81.32333333333334,0
E1949,77.43,89.74,2.82,3,R&D,Beta,1,74.52333333333334,0
E1950,72.59,81.13,4.52,16,Finance,Zeta,3,81.37333333333333,0
E1951,78.52,96.31,4.27,14,HR,Gamma,2,86.74333333333333,1
E1952,62.48,85.47,4.08,9,R&D,Zeta,3,76.51666666666667,0
E1953,89.44,86.73,4.71,11,R&D,Delta,3,90.12333333333333,1
E1954,74.18,87.02,3.23,3,Finance,Alpha,1,75.26666666666667,0
E1955,86.17,96.87,4.85,5,Marketing,Gamma,1,93.34666666666668,1
E1956,78.43,79.32,4.36,10,Support,Epsilon,3,81.64999999999999,0
E1957,79.57,100.0,3.66,13,Sales,Delta,2,84.25666666666666,0
E1958,80.7,95.28,4.48,4,Finance,Gamma,1,88.52666666666669,1
E1959,79.48,91.12,3.14,13,HR,Alpha,2,77.80000000000001,0
E1960,81.43,89.73,3.31,12,Finance,Beta,2,79.12,0
E1961,88.29,91.43,3.43,5,Tech,Epsilon,1,82.77333333333335,0
E1962,76.97,92.61,3.48,10,Marketing,Zeta,2,79.72666666666666,0
E1963,82.09,93.23,3.17,9,Marketing,Alpha,2,79.57333333333334,0
E1964,74.1,92.78,4.53,20,R&D,Delta,0,85.82666666666667,1
E1965,89.4,90.45,3.64,7,Marketing,Delta,1,84.21666666666668,0
E1966,68.24,89.01,4.01,2,Marketing,Beta,1,79.14999999999999,0
E1967,93.01,89.24,3.46,7,Marketing,Beta,1,83.81666666666666,0
E1968,74.6,89.03,2.71,8,Marketing,Epsilon,1,72.61,0
E1969,60.69,95.67,3.96,7,Sales,Zeta,2,78.52,0
E1970,76.28,92.97,2.65,14,HR,Epsilon,2,74.08333333333333,0
E1971,68.19,75.3,3.76,19,R&D,Beta,3,72.89666666666666,0
E1972,83.41,93.28,2.98,5,Marketing,Beta,1,78.76333333333334,0
E1973,68.47,90.97,4.99,18,R&D,Delta,0,86.41333333333334,1
E1974,70.54,89.91,4.35,20,HR,Beta,0,82.48333333333333,0
E1975,56.1,88.06,3.86,12,Support,Gamma,3,73.78666666666668,0
E1976,70.48,95.62,4.56,17,Marketing,Alpha,0,85.76666666666667,1
E1977,50.76,94.74,3.29,13,R&D,Beta,2,70.43333333333334,0
E1978,59.16,86.14,4.13,2,Finance,Epsilon,1,75.96666666666667,0
E1979,82.6,92.04,3.92,13,R&D,Zeta,2,84.34666666666666,0
E1980,82.86,85.14,3.96,7,Marketing,Zeta,3,82.39999999999999,0
E1981,79.25,83.1,4.56,10,Tech,Zeta,3,84.51666666666667,0
E1982,65.33,86.87,4.24,6,Sales,Gamma,1,79.0,0
E1983,74.52,94.31,3.97,3,Finance,Epsilon,1,82.74333333333333,0
E1984,74.96,94.77,2.81,3,Finance,Gamma,1,75.31,0
E1985,63.42,92.57,3.22,18,Tech,Beta,0,73.46333333333334,0
E1986,90.03,93.63,3.73,11,Marketing,Alpha,2,86.08666666666666,1
E1987,83.77,92.58,3.86,20,Sales,Zeta,0,84.51666666666667,0
E1988,72.79,86.79,3.12,5,Finance,Epsilon,1,73.99333333333334,0
E1989,75.27,92.16,5.0,19,Sales,Zeta,0,89.14333333333333,1
E1990,77.08,94.0,4.71,19,Finance,Gamma,0,88.42666666666666,1
E1991,54.58,93.77,4.16,15,Marketing,Delta,2,77.18333333333334,0
E1992,72.53,95.94,3.84,16,Support,Beta,0,81.75666666666666,0
E1993,68.18,93.54,3.67,9,Finance,Alpha,2,78.37333333333335,0
E1994,64.98,91.76,3.23,4,Support,Beta,1,73.78,0
E1995,72.19,95.35,3.85,15,Finance,Delta,2,81.51333333333334,0
E1996,92.98,89.87,3.95,12,HR,Alpha,3,87.28333333333335,1
E1997,81.41,85.59,3.05,3,Marketing,Delta,1,76.0,0
E1998,69.29,89.18,4.0,14,Tech,Beta,3,79.49000000000001,0
E1999,80.73,86.28,3.71,17,Support,Gamma,0,80.40333333333332,0
